,image,classes
0,image/0.jpeg,unknown
1,image/1.jpeg,head_lamp
2,image/2.jpeg,door_scratch
3,image/3.jpeg,head_lamp
4,image/4.jpeg,unknown
5,image/5.jpeg,unknown
6,image/6.jpeg,glass_shatter
7,image/7.jpeg,unknown
8,image/8.jpeg,tail_lamp
9,image/9.jpeg,bumper_dent
10,image/10.jpeg,door_scratch
11,image/11.jpeg,bumper_dent
12,image/12.jpeg,door_dent
13,image/13.jpeg,door_dent
14,image/14.jpeg,glass_shatter
15,image/15.jpeg,unknown
16,image/16.jpeg,head_lamp
17,image/17.jpeg,bumper_dent
18,image/18.jpeg,glass_shatter
19,image/19.jpeg,unknown
20,image/20.jpeg,door_dent
21,image/21.jpeg,head_lamp
22,image/22.jpeg,door_dent
23,image/23.jpeg,tail_lamp
24,image/24.jpeg,door_dent
25,image/25.jpeg,unknown
26,image/26.jpeg,glass_shatter
27,image/27.jpeg,bumper_scratch
28,image/28.jpeg,unknown
29,image/29.jpeg,door_scratch
30,image/30.jpeg,tail_lamp
31,image/31.jpeg,unknown
32,image/32.jpeg,door_scratch
33,image/33.jpeg,unknown
34,image/34.jpeg,tail_lamp
35,image/35.jpeg,unknown
36,image/36.jpeg,head_lamp
37,image/37.jpeg,unknown
38,image/38.jpeg,unknown
39,image/39.jpeg,door_dent
40,image/40.jpeg,unknown
41,image/41.jpeg,bumper_dent
42,image/42.jpeg,door_scratch
43,image/43.jpeg,unknown
44,image/44.jpeg,door_scratch
45,image/45.jpeg,door_dent
46,image/46.jpeg,bumper_dent
47,image/47.jpeg,glass_shatter
48,image/48.jpeg,unknown
49,image/49.jpeg,bumper_dent
50,image/50.jpeg,door_dent
51,image/51.jpeg,door_scratch
52,image/52.jpeg,tail_lamp
53,image/53.jpeg,unknown
54,image/54.jpeg,unknown
55,image/55.jpeg,door_dent
56,image/56.jpeg,bumper_scratch
57,image/57.jpeg,unknown
58,image/58.jpeg,door_dent
59,image/59.jpeg,unknown
60,image/60.jpeg,door_dent
61,image/61.jpeg,unknown
62,image/62.jpeg,unknown
63,image/63.jpeg,door_scratch
64,image/64.jpeg,tail_lamp
65,image/65.jpeg,tail_lamp
66,image/66.jpeg,glass_shatter
67,image/67.jpeg,glass_shatter
68,image/68.jpeg,glass_shatter
69,image/69.jpeg,unknown
70,image/70.jpeg,door_dent
71,image/71.jpeg,unknown
72,image/72.jpeg,head_lamp
73,image/73.jpeg,unknown
74,image/74.jpeg,unknown
75,image/75.jpeg,unknown
76,image/76.jpeg,unknown
77,image/77.jpeg,glass_shatter
78,image/78.jpeg,door_dent
79,image/79.jpeg,unknown
80,image/80.jpeg,unknown
81,image/81.jpeg,unknown
82,image/82.jpeg,unknown
83,image/83.jpeg,bumper_dent
84,image/84.jpeg,unknown
85,image/85.jpeg,glass_shatter
86,image/86.jpeg,bumper_dent
87,image/87.jpeg,bumper_dent
88,image/88.jpeg,door_dent
89,image/89.jpeg,door_scratch
90,image/90.jpeg,bumper_scratch
91,image/91.jpeg,unknown
92,image/92.jpeg,bumper_dent
93,image/93.jpeg,door_dent
94,image/94.jpeg,unknown
95,image/95.jpeg,tail_lamp
96,image/96.jpeg,unknown
97,image/97.jpeg,head_lamp
98,image/98.jpeg,door_scratch
99,image/99.jpeg,unknown
100,image/100.jpeg,door_dent
101,image/101.jpeg,unknown
102,image/102.jpeg,bumper_scratch
103,image/103.jpeg,bumper_dent
104,image/104.jpeg,unknown
105,image/105.jpeg,door_scratch
106,image/106.jpeg,door_scratch
107,image/107.jpeg,unknown
108,image/108.jpeg,glass_shatter
109,image/109.jpeg,glass_shatter
110,image/110.jpeg,bumper_dent
111,image/111.jpeg,bumper_dent
112,image/112.jpeg,door_scratch
113,image/113.jpeg,unknown
114,image/114.jpeg,unknown
115,image/115.jpeg,door_scratch
116,image/116.jpeg,unknown
117,image/117.jpeg,head_lamp
118,image/118.jpeg,unknown
119,image/119.jpeg,unknown
120,image/120.jpeg,unknown
121,image/121.jpeg,tail_lamp
122,image/122.jpeg,door_dent
123,image/123.jpeg,unknown
124,image/124.jpeg,door_scratch
125,image/125.jpeg,door_scratch
126,image/126.jpeg,unknown
127,image/127.jpeg,unknown
128,image/128.jpeg,unknown
129,image/129.jpeg,tail_lamp
130,image/130.jpeg,unknown
131,image/131.jpeg,unknown
132,image/132.jpeg,unknown
133,image/133.jpeg,bumper_dent
134,image/134.jpeg,unknown
135,image/135.jpeg,door_scratch
136,image/136.jpeg,door_dent
137,image/137.jpeg,bumper_scratch
138,image/138.jpeg,unknown
139,image/139.jpeg,door_scratch
140,image/140.jpeg,bumper_scratch
141,image/141.jpeg,glass_shatter
142,image/142.jpeg,unknown
143,image/143.jpeg,head_lamp
144,image/144.jpeg,head_lamp
145,image/145.jpeg,door_dent
146,image/146.jpeg,door_scratch
147,image/147.jpeg,door_scratch
148,image/148.jpeg,tail_lamp
149,image/149.jpeg,unknown
150,image/150.jpeg,head_lamp
151,image/151.jpeg,door_dent
152,image/152.jpeg,glass_shatter
153,image/153.jpeg,bumper_dent
154,image/154.jpeg,unknown
155,image/155.jpeg,unknown
156,image/156.jpeg,glass_shatter
157,image/157.jpeg,unknown
158,image/158.jpeg,door_dent
159,image/159.jpeg,bumper_dent
160,image/160.jpeg,unknown
161,image/161.jpeg,tail_lamp
162,image/162.jpeg,unknown
163,image/163.jpeg,head_lamp
164,image/164.jpeg,bumper_dent
165,image/165.jpeg,glass_shatter
166,image/166.jpeg,door_dent
167,image/167.jpeg,unknown
168,image/168.jpeg,unknown
169,image/169.jpeg,door_scratch
170,image/170.jpeg,unknown
171,image/171.jpeg,tail_lamp
172,image/172.jpeg,bumper_scratch
173,image/173.jpeg,door_scratch
174,image/174.jpeg,door_scratch
175,image/175.jpeg,bumper_scratch
176,image/176.jpeg,unknown
177,image/177.jpeg,unknown
178,image/178.jpeg,glass_shatter
179,image/179.jpeg,tail_lamp
180,image/180.jpeg,unknown
181,image/181.jpeg,door_scratch
182,image/182.jpeg,unknown
183,image/183.jpeg,bumper_dent
184,image/184.jpeg,tail_lamp
185,image/185.jpeg,glass_shatter
186,image/186.jpeg,head_lamp
187,image/187.jpeg,glass_shatter
188,image/188.jpeg,door_scratch
189,image/189.jpeg,tail_lamp
190,image/190.jpeg,unknown
191,image/191.jpeg,unknown
192,image/192.jpeg,door_dent
193,image/193.jpeg,door_dent
194,image/194.jpeg,door_dent
195,image/195.jpeg,glass_shatter
196,image/196.jpeg,glass_shatter
197,image/197.jpeg,door_scratch
198,image/198.jpeg,unknown
199,image/199.jpeg,unknown
200,image/200.jpeg,door_dent
201,image/201.jpeg,door_dent
202,image/202.jpeg,tail_lamp
203,image/203.jpeg,door_dent
204,image/204.jpeg,door_dent
205,image/205.jpeg,unknown
206,image/206.jpeg,head_lamp
207,image/207.jpeg,bumper_scratch
208,image/208.jpeg,tail_lamp
209,image/209.jpeg,bumper_dent
210,image/210.jpeg,glass_shatter
211,image/211.jpeg,unknown
212,image/212.jpeg,head_lamp
213,image/213.jpeg,door_dent
214,image/214.jpeg,bumper_dent
215,image/215.jpeg,unknown
216,image/216.jpeg,unknown
217,image/217.jpeg,door_dent
218,image/218.jpeg,door_scratch
219,image/219.jpeg,door_scratch
220,image/220.jpeg,glass_shatter
221,image/221.jpeg,head_lamp
222,image/222.jpeg,bumper_dent
223,image/223.jpeg,bumper_scratch
224,image/224.jpeg,unknown
225,image/225.jpeg,unknown
226,image/226.jpeg,glass_shatter
227,image/227.jpeg,unknown
228,image/228.jpeg,unknown
229,image/229.jpeg,unknown
230,image/230.jpeg,unknown
231,image/231.jpeg,unknown
232,image/232.jpeg,bumper_scratch
233,image/233.jpeg,door_dent
234,image/234.jpeg,bumper_dent
235,image/235.jpeg,door_scratch
236,image/236.jpeg,tail_lamp
237,image/237.jpeg,glass_shatter
238,image/238.jpeg,unknown
239,image/239.jpeg,door_dent
240,image/240.jpeg,unknown
241,image/241.jpeg,unknown
242,image/242.jpeg,unknown
243,image/243.jpeg,unknown
244,image/244.jpeg,bumper_scratch
245,image/245.jpeg,glass_shatter
246,image/246.jpeg,unknown
247,image/247.jpeg,tail_lamp
248,image/248.jpeg,bumper_dent
249,image/249.jpeg,tail_lamp
250,image/250.jpeg,unknown
251,image/251.jpeg,unknown
252,image/252.jpeg,unknown
253,image/253.jpeg,glass_shatter
254,image/254.jpeg,unknown
255,image/255.jpeg,unknown
256,image/256.jpeg,glass_shatter
257,image/257.jpeg,unknown
258,image/258.jpeg,unknown
259,image/259.jpeg,door_dent
260,image/260.jpeg,bumper_scratch
261,image/261.jpeg,door_dent
262,image/262.jpeg,unknown
263,image/263.jpeg,bumper_scratch
264,image/264.jpeg,unknown
265,image/265.jpeg,unknown
266,image/266.jpeg,head_lamp
267,image/267.jpeg,bumper_scratch
268,image/268.jpeg,unknown
269,image/269.jpeg,unknown
270,image/270.jpeg,unknown
271,image/271.jpeg,unknown
272,image/272.jpeg,unknown
273,image/273.jpeg,unknown
274,image/274.jpeg,tail_lamp
275,image/275.jpeg,head_lamp
276,image/276.jpeg,door_scratch
277,image/277.jpeg,door_dent
278,image/278.jpeg,unknown
279,image/279.jpeg,head_lamp
280,image/280.jpeg,door_dent
281,image/281.jpeg,door_dent
282,image/282.jpeg,head_lamp
283,image/283.jpeg,head_lamp
284,image/284.jpeg,glass_shatter
285,image/285.jpeg,tail_lamp
286,image/286.jpeg,glass_shatter
287,image/287.jpeg,unknown
288,image/288.jpeg,bumper_dent
289,image/289.jpeg,door_scratch
290,image/290.jpeg,glass_shatter
291,image/291.jpeg,unknown
292,image/292.jpeg,bumper_scratch
293,image/293.jpeg,unknown
294,image/294.jpeg,unknown
295,image/295.jpeg,bumper_scratch
296,image/296.jpeg,bumper_scratch
297,image/297.jpeg,unknown
298,image/298.jpeg,unknown
299,image/299.jpeg,tail_lamp
300,image/300.jpeg,unknown
301,image/301.jpeg,door_dent
302,image/302.jpeg,door_dent
303,image/303.jpeg,door_dent
304,image/304.jpeg,door_scratch
305,image/305.jpeg,glass_shatter
306,image/306.jpeg,bumper_scratch
307,image/307.jpeg,bumper_dent
308,image/308.jpeg,bumper_dent
309,image/309.jpeg,unknown
310,image/310.jpeg,tail_lamp
311,image/311.jpeg,door_scratch
312,image/312.jpeg,unknown
313,image/313.jpeg,unknown
314,image/314.jpeg,head_lamp
315,image/315.jpeg,unknown
316,image/316.jpeg,door_dent
317,image/317.jpeg,door_scratch
318,image/318.jpeg,head_lamp
319,image/319.jpeg,tail_lamp
320,image/320.jpeg,door_dent
321,image/321.jpeg,head_lamp
322,image/322.jpeg,unknown
323,image/323.jpeg,door_dent
324,image/324.jpeg,bumper_dent
325,image/325.jpeg,tail_lamp
326,image/326.jpeg,unknown
327,image/327.jpeg,bumper_scratch
328,image/328.jpeg,unknown
329,image/329.jpeg,door_scratch
330,image/330.jpeg,unknown
331,image/331.jpeg,unknown
332,image/332.jpeg,door_dent
333,image/333.jpeg,unknown
334,image/334.jpeg,door_dent
335,image/335.jpeg,head_lamp
336,image/336.jpeg,unknown
337,image/337.jpeg,unknown
338,image/338.jpeg,door_scratch
339,image/339.jpeg,unknown
340,image/340.jpeg,bumper_scratch
341,image/341.jpeg,door_scratch
342,image/342.jpeg,unknown
343,image/343.jpeg,unknown
344,image/344.jpeg,unknown
345,image/345.jpeg,unknown
346,image/346.jpeg,bumper_dent
347,image/347.jpeg,door_scratch
348,image/348.jpeg,unknown
349,image/349.jpeg,unknown
350,image/350.jpeg,glass_shatter
351,image/351.jpeg,head_lamp
352,image/352.jpeg,unknown
353,image/353.jpeg,head_lamp
354,image/354.jpeg,door_dent
355,image/355.jpeg,unknown
356,image/356.jpeg,unknown
357,image/357.jpeg,unknown
358,image/358.jpeg,door_dent
359,image/359.jpeg,bumper_dent
360,image/360.jpeg,door_dent
361,image/361.jpeg,bumper_dent
362,image/362.jpeg,unknown
363,image/363.jpeg,glass_shatter
364,image/364.jpeg,head_lamp
365,image/365.jpeg,unknown
366,image/366.jpeg,unknown
367,image/367.jpeg,bumper_dent
368,image/368.jpeg,bumper_dent
369,image/369.jpeg,bumper_dent
370,image/370.jpeg,unknown
371,image/371.jpeg,unknown
372,image/372.jpeg,head_lamp
373,image/373.jpeg,glass_shatter
374,image/374.jpeg,head_lamp
375,image/375.jpeg,door_scratch
376,image/376.jpeg,head_lamp
377,image/377.jpeg,glass_shatter
378,image/378.jpeg,glass_shatter
379,image/379.jpeg,head_lamp
380,image/380.jpeg,unknown
381,image/381.jpeg,unknown
382,image/382.jpeg,unknown
383,image/383.jpeg,unknown
384,image/384.jpeg,unknown
385,image/385.jpeg,glass_shatter
386,image/386.jpeg,head_lamp
387,image/387.jpeg,tail_lamp
388,image/388.jpeg,head_lamp
389,image/389.jpeg,bumper_dent
390,image/390.jpeg,door_scratch
391,image/391.jpeg,unknown
392,image/392.jpeg,bumper_dent
393,image/393.jpeg,bumper_scratch
394,image/394.jpeg,unknown
395,image/395.jpeg,unknown
396,image/396.jpeg,door_dent
397,image/397.jpeg,bumper_dent
398,image/398.jpeg,unknown
399,image/399.jpeg,unknown
400,image/400.jpeg,unknown
401,image/401.jpeg,head_lamp
402,image/402.jpeg,unknown
403,image/403.jpeg,unknown
404,image/404.jpeg,unknown
405,image/405.jpeg,unknown
406,image/406.jpeg,glass_shatter
407,image/407.jpeg,door_dent
408,image/408.jpeg,tail_lamp
409,image/409.jpeg,door_scratch
410,image/410.jpeg,bumper_scratch
411,image/411.jpeg,glass_shatter
412,image/412.jpeg,unknown
413,image/413.jpeg,bumper_dent
414,image/414.jpeg,bumper_scratch
415,image/415.jpeg,door_dent
416,image/416.jpeg,unknown
417,image/417.jpeg,door_dent
418,image/418.jpeg,door_dent
419,image/419.jpeg,bumper_dent
420,image/420.jpeg,door_dent
421,image/421.jpeg,door_dent
422,image/422.jpeg,tail_lamp
423,image/423.jpeg,unknown
424,image/424.jpeg,tail_lamp
425,image/425.jpeg,glass_shatter
426,image/426.jpeg,door_scratch
427,image/427.jpeg,glass_shatter
428,image/428.jpeg,unknown
429,image/429.jpeg,door_scratch
430,image/430.jpeg,unknown
431,image/431.jpeg,glass_shatter
432,image/432.jpeg,unknown
433,image/433.jpeg,unknown
434,image/434.jpeg,head_lamp
435,image/435.jpeg,glass_shatter
436,image/436.jpeg,bumper_scratch
437,image/437.jpeg,door_scratch
438,image/438.jpeg,tail_lamp
439,image/439.jpeg,bumper_scratch
440,image/440.jpeg,unknown
441,image/441.jpeg,door_scratch
442,image/442.jpeg,unknown
443,image/443.jpeg,unknown
444,image/444.jpeg,bumper_dent
445,image/445.jpeg,head_lamp
446,image/446.jpeg,door_dent
447,image/447.jpeg,unknown
448,image/448.jpeg,door_dent
449,image/449.jpeg,bumper_dent
450,image/450.jpeg,door_dent
451,image/451.jpeg,unknown
452,image/452.jpeg,unknown
453,image/453.jpeg,tail_lamp
454,image/454.jpeg,glass_shatter
455,image/455.jpeg,head_lamp
456,image/456.jpeg,door_dent
457,image/457.jpeg,head_lamp
458,image/458.jpeg,door_dent
459,image/459.jpeg,head_lamp
460,image/460.jpeg,head_lamp
461,image/461.jpeg,door_dent
462,image/462.jpeg,door_dent
463,image/463.jpeg,door_scratch
464,image/464.jpeg,tail_lamp
465,image/465.jpeg,unknown
466,image/466.jpeg,glass_shatter
467,image/467.jpeg,door_dent
468,image/468.jpeg,door_dent
469,image/469.jpeg,tail_lamp
470,image/470.jpeg,tail_lamp
471,image/471.jpeg,unknown
472,image/472.jpeg,unknown
473,image/473.jpeg,tail_lamp
474,image/474.jpeg,unknown
475,image/475.jpeg,door_dent
476,image/476.jpeg,bumper_scratch
477,image/477.jpeg,head_lamp
478,image/478.jpeg,unknown
479,image/479.jpeg,unknown
480,image/480.jpeg,door_dent
481,image/481.jpeg,tail_lamp
482,image/482.jpeg,glass_shatter
483,image/483.jpeg,unknown
484,image/484.jpeg,glass_shatter
485,image/485.jpeg,glass_shatter
486,image/486.jpeg,door_scratch
487,image/487.jpeg,head_lamp
488,image/488.jpeg,head_lamp
489,image/489.jpeg,glass_shatter
490,image/490.jpeg,door_dent
491,image/491.jpeg,unknown
492,image/492.jpeg,door_dent
493,image/493.jpeg,head_lamp
494,image/494.jpeg,door_dent
495,image/495.jpeg,unknown
496,image/496.jpeg,glass_shatter
497,image/497.jpeg,bumper_dent
498,image/498.jpeg,head_lamp
499,image/499.jpeg,bumper_scratch
500,image/500.jpeg,unknown
501,image/501.jpeg,door_scratch
502,image/502.jpeg,unknown
503,image/503.jpeg,unknown
504,image/504.jpeg,bumper_dent
505,image/505.jpeg,unknown
506,image/506.jpeg,head_lamp
507,image/507.jpeg,glass_shatter
508,image/508.jpeg,bumper_scratch
509,image/509.jpeg,door_scratch
510,image/510.jpeg,door_scratch
511,image/511.jpeg,unknown
512,image/512.jpeg,tail_lamp
513,image/513.jpeg,bumper_dent
514,image/514.jpeg,glass_shatter
515,image/515.jpeg,unknown
516,image/516.jpeg,tail_lamp
517,image/517.jpeg,tail_lamp
518,image/518.jpeg,tail_lamp
519,image/519.jpeg,glass_shatter
520,image/520.jpeg,glass_shatter
521,image/521.jpeg,door_scratch
522,image/522.jpeg,unknown
523,image/523.jpeg,unknown
524,image/524.jpeg,glass_shatter
525,image/525.jpeg,door_scratch
526,image/526.jpeg,door_dent
527,image/527.jpeg,head_lamp
528,image/528.jpeg,unknown
529,image/529.jpeg,door_scratch
530,image/530.jpeg,unknown
531,image/531.jpeg,bumper_dent
532,image/532.jpeg,unknown
533,image/533.jpeg,bumper_dent
534,image/534.jpeg,door_dent
535,image/535.jpeg,bumper_scratch
536,image/536.jpeg,head_lamp
537,image/537.jpeg,tail_lamp
538,image/538.jpeg,unknown
539,image/539.jpeg,unknown
540,image/540.jpeg,bumper_dent
541,image/541.jpeg,unknown
542,image/542.jpeg,unknown
543,image/543.jpeg,unknown
544,image/544.jpeg,unknown
545,image/545.jpeg,unknown
546,image/546.jpeg,unknown
547,image/547.jpeg,head_lamp
548,image/548.jpeg,tail_lamp
549,image/549.jpeg,unknown
550,image/550.jpeg,door_dent
551,image/551.jpeg,door_dent
552,image/552.jpeg,head_lamp
553,image/553.jpeg,unknown
554,image/554.jpeg,door_scratch
555,image/555.jpeg,glass_shatter
556,image/556.jpeg,unknown
557,image/557.jpeg,unknown
558,image/558.jpeg,door_dent
559,image/559.jpeg,door_scratch
560,image/560.jpeg,glass_shatter
561,image/561.jpeg,bumper_dent
562,image/562.jpeg,glass_shatter
563,image/563.jpeg,unknown
564,image/564.jpeg,tail_lamp
565,image/565.jpeg,unknown
566,image/566.jpeg,door_scratch
567,image/567.jpeg,unknown
568,image/568.jpeg,unknown
569,image/569.jpeg,glass_shatter
570,image/570.jpeg,head_lamp
571,image/571.jpeg,unknown
572,image/572.jpeg,door_scratch
573,image/573.jpeg,bumper_scratch
574,image/574.jpeg,door_dent
575,image/575.jpeg,bumper_scratch
576,image/576.jpeg,bumper_dent
577,image/577.jpeg,glass_shatter
578,image/578.jpeg,bumper_dent
579,image/579.jpeg,head_lamp
580,image/580.jpeg,head_lamp
581,image/581.jpeg,bumper_dent
582,image/582.jpeg,unknown
583,image/583.jpeg,unknown
584,image/584.jpeg,unknown
585,image/585.jpeg,unknown
586,image/586.jpeg,bumper_dent
587,image/587.jpeg,tail_lamp
588,image/588.jpeg,door_dent
589,image/589.jpeg,bumper_scratch
590,image/590.jpeg,head_lamp
591,image/591.jpeg,head_lamp
592,image/592.jpeg,door_scratch
593,image/593.jpeg,door_scratch
594,image/594.jpeg,door_dent
595,image/595.jpeg,door_scratch
596,image/596.jpeg,glass_shatter
597,image/597.jpeg,unknown
598,image/598.jpeg,bumper_dent
599,image/599.jpeg,unknown
600,image/600.jpeg,unknown
601,image/601.jpeg,door_dent
602,image/602.jpeg,unknown
603,image/603.jpeg,head_lamp
604,image/604.jpeg,unknown
605,image/605.jpeg,unknown
606,image/606.jpeg,unknown
607,image/607.jpeg,bumper_scratch
608,image/608.jpeg,door_scratch
609,image/609.jpeg,door_dent
610,image/610.jpeg,unknown
611,image/611.jpeg,door_scratch
612,image/612.jpeg,tail_lamp
613,image/613.jpeg,unknown
614,image/614.jpeg,tail_lamp
615,image/615.jpeg,unknown
616,image/616.jpeg,unknown
617,image/617.jpeg,unknown
618,image/618.jpeg,bumper_scratch
619,image/619.jpeg,unknown
620,image/620.jpeg,unknown
621,image/621.jpeg,glass_shatter
622,image/622.jpeg,tail_lamp
623,image/623.jpeg,head_lamp
624,image/624.jpeg,door_scratch
625,image/625.jpeg,unknown
626,image/626.jpeg,glass_shatter
627,image/627.jpeg,bumper_scratch
628,image/628.jpeg,unknown
629,image/629.jpeg,bumper_dent
630,image/630.jpeg,door_scratch
631,image/631.jpeg,bumper_scratch
632,image/632.jpeg,unknown
633,image/633.jpeg,unknown
634,image/634.jpeg,head_lamp
635,image/635.jpeg,door_scratch
636,image/636.jpeg,unknown
637,image/637.jpeg,unknown
638,image/638.jpeg,unknown
639,image/639.jpeg,glass_shatter
640,image/640.jpeg,door_scratch
641,image/641.jpeg,door_scratch
642,image/642.jpeg,bumper_dent
643,image/643.jpeg,door_dent
644,image/644.jpeg,tail_lamp
645,image/645.jpeg,tail_lamp
646,image/646.jpeg,unknown
647,image/647.jpeg,tail_lamp
648,image/648.jpeg,bumper_scratch
649,image/649.jpeg,door_dent
650,image/650.jpeg,head_lamp
651,image/651.jpeg,tail_lamp
652,image/652.jpeg,glass_shatter
653,image/653.jpeg,unknown
654,image/654.jpeg,bumper_dent
655,image/655.jpeg,unknown
656,image/656.jpeg,head_lamp
657,image/657.jpeg,door_dent
658,image/658.jpeg,unknown
659,image/659.jpeg,door_dent
660,image/660.jpeg,unknown
661,image/661.jpeg,unknown
662,image/662.jpeg,door_scratch
663,image/663.jpeg,glass_shatter
664,image/664.jpeg,unknown
665,image/665.jpeg,unknown
666,image/666.jpeg,bumper_dent
667,image/667.jpeg,bumper_dent
668,image/668.jpeg,head_lamp
669,image/669.jpeg,head_lamp
670,image/670.jpeg,unknown
671,image/671.jpeg,unknown
672,image/672.jpeg,head_lamp
673,image/673.jpeg,door_scratch
674,image/674.jpeg,unknown
675,image/675.jpeg,door_dent
676,image/676.jpeg,unknown
677,image/677.jpeg,unknown
678,image/678.jpeg,glass_shatter
679,image/679.jpeg,unknown
680,image/680.jpeg,bumper_dent
681,image/681.jpeg,head_lamp
682,image/682.jpeg,head_lamp
683,image/683.jpeg,glass_shatter
684,image/684.jpeg,unknown
685,image/685.jpeg,unknown
686,image/686.jpeg,head_lamp
687,image/687.jpeg,door_scratch
688,image/688.jpeg,glass_shatter
689,image/689.jpeg,unknown
690,image/690.jpeg,unknown
691,image/691.jpeg,tail_lamp
692,image/692.jpeg,tail_lamp
693,image/693.jpeg,bumper_dent
694,image/694.jpeg,tail_lamp
695,image/695.jpeg,tail_lamp
696,image/696.jpeg,head_lamp
697,image/697.jpeg,head_lamp
698,image/698.jpeg,door_dent
699,image/699.jpeg,head_lamp
700,image/700.jpeg,unknown
701,image/701.jpeg,bumper_dent
702,image/702.jpeg,door_dent
703,image/703.jpeg,bumper_dent
704,image/704.jpeg,head_lamp
705,image/705.jpeg,unknown
706,image/706.jpeg,unknown
707,image/707.jpeg,tail_lamp
708,image/708.jpeg,door_scratch
709,image/709.jpeg,unknown
710,image/710.jpeg,unknown
711,image/711.jpeg,head_lamp
712,image/712.jpeg,glass_shatter
713,image/713.jpeg,unknown
714,image/714.jpeg,bumper_scratch
715,image/715.jpeg,unknown
716,image/716.jpeg,tail_lamp
717,image/717.jpeg,unknown
718,image/718.jpeg,tail_lamp
719,image/719.jpeg,door_dent
720,image/720.jpeg,door_dent
721,image/721.jpeg,door_dent
722,image/722.jpeg,unknown
723,image/723.jpeg,tail_lamp
724,image/724.jpeg,glass_shatter
725,image/725.jpeg,door_scratch
726,image/726.jpeg,unknown
727,image/727.jpeg,tail_lamp
728,image/728.jpeg,bumper_scratch
729,image/729.jpeg,door_scratch
730,image/730.jpeg,bumper_dent
731,image/731.jpeg,unknown
732,image/732.jpeg,unknown
733,image/733.jpeg,door_dent
734,image/734.jpeg,head_lamp
735,image/735.jpeg,door_scratch
736,image/736.jpeg,bumper_scratch
737,image/737.jpeg,door_dent
738,image/738.jpeg,unknown
739,image/739.jpeg,door_dent
740,image/740.jpeg,door_scratch
741,image/741.jpeg,unknown
742,image/742.jpeg,door_dent
743,image/743.jpeg,unknown
744,image/744.jpeg,unknown
745,image/745.jpeg,door_dent
746,image/746.jpeg,unknown
747,image/747.jpeg,door_dent
748,image/748.jpeg,bumper_scratch
749,image/749.jpeg,unknown
750,image/750.jpeg,unknown
751,image/751.jpeg,unknown
752,image/752.jpeg,unknown
753,image/753.jpeg,unknown
754,image/754.jpeg,glass_shatter
755,image/755.jpeg,unknown
756,image/756.jpeg,unknown
757,image/757.jpeg,unknown
758,image/758.jpeg,bumper_scratch
759,image/759.jpeg,unknown
760,image/760.jpeg,tail_lamp
761,image/761.jpeg,glass_shatter
762,image/762.jpeg,door_dent
763,image/763.jpeg,unknown
764,image/764.jpeg,bumper_scratch
765,image/765.jpeg,bumper_dent
766,image/766.jpeg,door_dent
767,image/767.jpeg,bumper_dent
768,image/768.jpeg,unknown
769,image/769.jpeg,glass_shatter
770,image/770.jpeg,head_lamp
771,image/771.jpeg,unknown
772,image/772.jpeg,unknown
773,image/773.jpeg,head_lamp
774,image/774.jpeg,tail_lamp
775,image/775.jpeg,door_scratch
776,image/776.jpeg,bumper_scratch
777,image/777.jpeg,head_lamp
778,image/778.jpeg,head_lamp
779,image/779.jpeg,glass_shatter
780,image/780.jpeg,unknown
781,image/781.jpeg,bumper_scratch
782,image/782.jpeg,door_dent
783,image/783.jpeg,unknown
784,image/784.jpeg,bumper_scratch
785,image/785.jpeg,bumper_scratch
786,image/786.jpeg,door_dent
787,image/787.jpeg,head_lamp
788,image/788.jpeg,door_dent
789,image/789.jpeg,glass_shatter
790,image/790.jpeg,tail_lamp
791,image/791.jpeg,unknown
792,image/792.jpeg,door_dent
793,image/793.jpeg,unknown
794,image/794.jpeg,door_dent
795,image/795.jpeg,door_scratch
796,image/796.jpeg,unknown
797,image/797.jpeg,head_lamp
798,image/798.jpeg,unknown
799,image/799.jpeg,door_dent
800,image/800.jpeg,head_lamp
801,image/801.jpeg,tail_lamp
802,image/802.jpeg,bumper_dent
803,image/803.jpeg,unknown
804,image/804.jpeg,door_dent
805,image/805.jpeg,unknown
806,image/806.jpeg,unknown
807,image/807.jpeg,tail_lamp
808,image/808.jpeg,unknown
809,image/809.jpeg,door_scratch
810,image/810.jpeg,glass_shatter
811,image/811.jpeg,door_dent
812,image/812.jpeg,door_dent
813,image/813.jpeg,bumper_scratch
814,image/814.jpeg,bumper_dent
815,image/815.jpeg,bumper_dent
816,image/816.jpeg,bumper_scratch
817,image/817.jpeg,tail_lamp
818,image/818.jpeg,bumper_scratch
819,image/819.jpeg,unknown
820,image/820.jpeg,door_dent
821,image/821.jpeg,glass_shatter
822,image/822.jpeg,unknown
823,image/823.jpeg,head_lamp
824,image/824.jpeg,unknown
825,image/825.jpeg,glass_shatter
826,image/826.jpeg,unknown
827,image/827.jpeg,unknown
828,image/828.jpeg,door_dent
829,image/829.jpeg,door_scratch
830,image/830.jpeg,unknown
831,image/831.jpeg,door_scratch
832,image/832.jpeg,glass_shatter
833,image/833.jpeg,door_dent
834,image/834.jpeg,head_lamp
835,image/835.jpeg,glass_shatter
836,image/836.jpeg,tail_lamp
837,image/837.jpeg,bumper_dent
838,image/838.jpeg,unknown
839,image/839.jpeg,unknown
840,image/840.jpeg,tail_lamp
841,image/841.jpeg,unknown
842,image/842.jpeg,glass_shatter
843,image/843.jpeg,glass_shatter
844,image/844.jpeg,door_dent
845,image/845.jpeg,unknown
846,image/846.jpeg,door_dent
847,image/847.jpeg,head_lamp
848,image/848.jpeg,door_dent
849,image/849.jpeg,door_dent
850,image/850.jpeg,door_scratch
851,image/851.jpeg,unknown
852,image/852.jpeg,unknown
853,image/853.jpeg,unknown
854,image/854.jpeg,door_scratch
855,image/855.jpeg,unknown
856,image/856.jpeg,head_lamp
857,image/857.jpeg,tail_lamp
858,image/858.jpeg,glass_shatter
859,image/859.jpeg,unknown
860,image/860.jpeg,door_dent
861,image/861.jpeg,door_scratch
862,image/862.jpeg,head_lamp
863,image/863.jpeg,head_lamp
864,image/864.jpeg,unknown
865,image/865.jpeg,head_lamp
866,image/866.jpeg,bumper_scratch
867,image/867.jpeg,glass_shatter
868,image/868.jpeg,door_scratch
869,image/869.jpeg,door_scratch
870,image/870.jpeg,tail_lamp
871,image/871.jpeg,unknown
872,image/872.jpeg,unknown
873,image/873.jpeg,door_scratch
874,image/874.jpeg,bumper_dent
875,image/875.jpeg,bumper_scratch
876,image/876.jpeg,tail_lamp
877,image/877.jpeg,unknown
878,image/878.jpeg,unknown
879,image/879.jpeg,door_scratch
880,image/880.jpeg,unknown
881,image/881.jpeg,door_dent
882,image/882.jpeg,bumper_dent
883,image/883.jpeg,door_scratch
884,image/884.jpeg,bumper_dent
885,image/885.jpeg,tail_lamp
886,image/886.jpeg,unknown
887,image/887.jpeg,head_lamp
888,image/888.jpeg,bumper_dent
889,image/889.jpeg,unknown
890,image/890.jpeg,door_dent
891,image/891.jpeg,door_scratch
892,image/892.jpeg,glass_shatter
893,image/893.jpeg,tail_lamp
894,image/894.jpeg,tail_lamp
895,image/895.jpeg,head_lamp
896,image/896.jpeg,unknown
897,image/897.jpeg,door_dent
898,image/898.jpeg,door_dent
899,image/899.jpeg,tail_lamp
900,image/900.jpeg,door_dent
901,image/901.jpeg,head_lamp
902,image/902.jpeg,tail_lamp
903,image/903.jpeg,tail_lamp
904,image/904.jpeg,unknown
905,image/905.jpeg,tail_lamp
906,image/906.jpeg,head_lamp
907,image/907.jpeg,bumper_scratch
908,image/908.jpeg,unknown
909,image/909.jpeg,door_dent
910,image/910.jpeg,unknown
911,image/911.jpeg,glass_shatter
912,image/912.jpeg,unknown
913,image/913.jpeg,unknown
914,image/914.jpeg,bumper_dent
915,image/915.jpeg,bumper_dent
916,image/916.jpeg,bumper_dent
917,image/917.jpeg,unknown
918,image/918.jpeg,unknown
919,image/919.jpeg,unknown
920,image/920.jpeg,bumper_scratch
921,image/921.jpeg,glass_shatter
922,image/922.jpeg,unknown
923,image/923.jpeg,door_scratch
924,image/924.jpeg,unknown
925,image/925.jpeg,door_dent
926,image/926.jpeg,door_scratch
927,image/927.jpeg,unknown
928,image/928.jpeg,unknown
929,image/929.jpeg,unknown
930,image/930.jpeg,unknown
931,image/931.jpeg,unknown
932,image/932.jpeg,door_scratch
933,image/933.jpeg,door_dent
934,image/934.jpeg,bumper_scratch
935,image/935.jpeg,unknown
936,image/936.jpeg,unknown
937,image/937.jpeg,unknown
938,image/938.jpeg,unknown
939,image/939.jpeg,unknown
940,image/940.jpeg,unknown
941,image/941.jpeg,door_dent
942,image/942.jpeg,unknown
943,image/943.jpeg,door_scratch
944,image/944.jpeg,unknown
945,image/945.jpeg,door_scratch
946,image/946.jpeg,door_dent
947,image/947.jpeg,door_scratch
948,image/948.jpeg,bumper_dent
949,image/949.jpeg,unknown
950,image/950.jpeg,bumper_dent
951,image/951.jpeg,unknown
952,image/952.jpeg,unknown
953,image/953.jpeg,door_dent
954,image/954.jpeg,unknown
955,image/955.jpeg,door_dent
956,image/956.jpeg,door_scratch
957,image/957.jpeg,unknown
958,image/958.jpeg,bumper_scratch
959,image/959.jpeg,bumper_scratch
960,image/960.jpeg,bumper_scratch
961,image/961.jpeg,tail_lamp
962,image/962.jpeg,bumper_dent
963,image/963.jpeg,unknown
964,image/964.jpeg,unknown
965,image/965.jpeg,door_dent
966,image/966.jpeg,bumper_dent
967,image/967.jpeg,unknown
968,image/968.jpeg,tail_lamp
969,image/969.jpeg,bumper_scratch
970,image/970.jpeg,unknown
971,image/971.jpeg,unknown
972,image/972.jpeg,unknown
973,image/973.jpeg,unknown
974,image/974.jpeg,tail_lamp
975,image/975.jpeg,unknown
976,image/976.jpeg,door_dent
977,image/977.jpeg,bumper_dent
978,image/978.jpeg,unknown
979,image/979.jpeg,door_dent
980,image/980.jpeg,unknown
981,image/981.jpeg,unknown
982,image/982.jpeg,tail_lamp
983,image/983.jpeg,tail_lamp
984,image/984.jpeg,head_lamp
985,image/985.jpeg,unknown
986,image/986.jpeg,bumper_dent
987,image/987.jpeg,door_dent
988,image/988.jpeg,head_lamp
989,image/989.jpeg,glass_shatter
990,image/990.jpeg,unknown
991,image/991.jpeg,bumper_dent
992,image/992.jpeg,unknown
993,image/993.jpeg,head_lamp
994,image/994.jpeg,unknown
995,image/995.jpeg,glass_shatter
996,image/996.jpeg,bumper_dent
997,image/997.jpeg,tail_lamp
998,image/998.jpeg,door_dent
999,image/999.jpeg,unknown
1000,image/1000.jpeg,door_scratch
1001,image/1001.jpeg,door_scratch
1002,image/1002.jpeg,bumper_dent
1003,image/1003.jpeg,unknown
1004,image/1004.jpeg,tail_lamp
1005,image/1005.jpeg,door_dent
1006,image/1006.jpeg,bumper_dent
1007,image/1007.jpeg,glass_shatter
1008,image/1008.jpeg,bumper_scratch
1009,image/1009.jpeg,head_lamp
1010,image/1010.jpeg,glass_shatter
1011,image/1011.jpeg,door_scratch
1012,image/1012.jpeg,door_scratch
1013,image/1013.jpeg,door_dent
1014,image/1014.jpeg,unknown
1015,image/1015.jpeg,door_dent
1016,image/1016.jpeg,unknown
1017,image/1017.jpeg,bumper_dent
1018,image/1018.jpeg,tail_lamp
1019,image/1019.jpeg,tail_lamp
1020,image/1020.jpeg,bumper_dent
1021,image/1021.jpeg,door_scratch
1022,image/1022.jpeg,head_lamp
1023,image/1023.jpeg,door_scratch
1024,image/1024.jpeg,door_scratch
1025,image/1025.jpeg,bumper_scratch
1026,image/1026.jpeg,glass_shatter
1027,image/1027.jpeg,unknown
1028,image/1028.jpeg,tail_lamp
1029,image/1029.jpeg,unknown
1030,image/1030.jpeg,unknown
1031,image/1031.jpeg,unknown
1032,image/1032.jpeg,glass_shatter
1033,image/1033.jpeg,door_dent
1034,image/1034.jpeg,tail_lamp
1035,image/1035.jpeg,glass_shatter
1036,image/1036.jpeg,unknown
1037,image/1037.jpeg,unknown
1038,image/1038.jpeg,door_scratch
1039,image/1039.jpeg,tail_lamp
1040,image/1040.jpeg,unknown
1041,image/1041.jpeg,unknown
1042,image/1042.jpeg,door_scratch
1043,image/1043.jpeg,door_dent
1044,image/1044.jpeg,head_lamp
1045,image/1045.jpeg,glass_shatter
1046,image/1046.jpeg,unknown
1047,image/1047.jpeg,door_scratch
1048,image/1048.jpeg,door_dent
1049,image/1049.jpeg,glass_shatter
1050,image/1050.jpeg,unknown
1051,image/1051.jpeg,unknown
1052,image/1052.jpeg,unknown
1053,image/1053.jpeg,unknown
1054,image/1054.jpeg,unknown
1055,image/1055.jpeg,bumper_dent
1056,image/1056.jpeg,unknown
1057,image/1057.jpeg,door_dent
1058,image/1058.jpeg,bumper_dent
1059,image/1059.jpeg,unknown
1060,image/1060.jpeg,tail_lamp
1061,image/1061.jpeg,unknown
1062,image/1062.jpeg,unknown
1063,image/1063.jpeg,unknown
1064,image/1064.jpeg,unknown
1065,image/1065.jpeg,bumper_scratch
1066,image/1066.jpeg,unknown
1067,image/1067.jpeg,unknown
1068,image/1068.jpeg,bumper_dent
1069,image/1069.jpeg,door_scratch
1070,image/1070.jpeg,glass_shatter
1071,image/1071.jpeg,unknown
1072,image/1072.jpeg,head_lamp
1073,image/1073.jpeg,glass_shatter
1074,image/1074.jpeg,unknown
1075,image/1075.jpeg,bumper_dent
1076,image/1076.jpeg,unknown
1077,image/1077.jpeg,unknown
1078,image/1078.jpeg,unknown
1079,image/1079.jpeg,bumper_dent
1080,image/1080.jpeg,unknown
1081,image/1081.jpeg,glass_shatter
1082,image/1082.jpeg,door_scratch
1083,image/1083.jpeg,unknown
1084,image/1084.jpeg,tail_lamp
1085,image/1085.jpeg,tail_lamp
1086,image/1086.jpeg,door_dent
1087,image/1087.jpeg,tail_lamp
1088,image/1088.jpeg,tail_lamp
1089,image/1089.jpeg,door_dent
1090,image/1090.jpeg,door_dent
1091,image/1091.jpeg,glass_shatter
1092,image/1092.jpeg,bumper_dent
1093,image/1093.jpeg,tail_lamp
1094,image/1094.jpeg,unknown
1095,image/1095.jpeg,door_scratch
1096,image/1096.jpeg,unknown
1097,image/1097.jpeg,glass_shatter
1098,image/1098.jpeg,unknown
1099,image/1099.jpeg,door_dent
1100,image/1100.jpeg,tail_lamp
1101,image/1101.jpeg,glass_shatter
1102,image/1102.jpeg,unknown
1103,image/1103.jpeg,door_dent
1104,image/1104.jpeg,unknown
1105,image/1105.jpeg,unknown
1106,image/1106.jpeg,door_scratch
1107,image/1107.jpeg,head_lamp
1108,image/1108.jpeg,unknown
1109,image/1109.jpeg,head_lamp
1110,image/1110.jpeg,door_scratch
1111,image/1111.jpeg,glass_shatter
1112,image/1112.jpeg,unknown
1113,image/1113.jpeg,tail_lamp
1114,image/1114.jpeg,door_scratch
1115,image/1115.jpeg,unknown
1116,image/1116.jpeg,glass_shatter
1117,image/1117.jpeg,unknown
1118,image/1118.jpeg,unknown
1119,image/1119.jpeg,door_scratch
1120,image/1120.jpeg,bumper_dent
1121,image/1121.jpeg,unknown
1122,image/1122.jpeg,door_dent
1123,image/1123.jpeg,head_lamp
1124,image/1124.jpeg,unknown
1125,image/1125.jpeg,bumper_dent
1126,image/1126.jpeg,unknown
1127,image/1127.jpeg,tail_lamp
1128,image/1128.jpeg,door_scratch
1129,image/1129.jpeg,glass_shatter
1130,image/1130.jpeg,unknown
1131,image/1131.jpeg,tail_lamp
1132,image/1132.jpeg,unknown
1133,image/1133.jpeg,unknown
1134,image/1134.jpeg,bumper_scratch
1135,image/1135.jpeg,bumper_dent
1136,image/1136.jpeg,tail_lamp
1137,image/1137.jpeg,door_scratch
1138,image/1138.jpeg,door_dent
1139,image/1139.jpeg,door_scratch
1140,image/1140.jpeg,head_lamp
1141,image/1141.jpeg,door_scratch
1142,image/1142.jpeg,unknown
1143,image/1143.jpeg,unknown
1144,image/1144.jpeg,head_lamp
1145,image/1145.jpeg,door_scratch
1146,image/1146.jpeg,bumper_dent
1147,image/1147.jpeg,door_scratch
1148,image/1148.jpeg,unknown
1149,image/1149.jpeg,unknown
1150,image/1150.jpeg,unknown
1151,image/1151.jpeg,tail_lamp
1152,image/1152.jpeg,bumper_scratch
1153,image/1153.jpeg,door_scratch
1154,image/1154.jpeg,door_dent
1155,image/1155.jpeg,door_dent
1156,image/1156.jpeg,unknown
1157,image/1157.jpeg,unknown
1158,image/1158.jpeg,head_lamp
1159,image/1159.jpeg,unknown
1160,image/1160.jpeg,unknown
1161,image/1161.jpeg,unknown
1162,image/1162.jpeg,bumper_dent
1163,image/1163.jpeg,glass_shatter
1164,image/1164.jpeg,unknown
1165,image/1165.jpeg,door_scratch
1166,image/1166.jpeg,bumper_dent
1167,image/1167.jpeg,unknown
1168,image/1168.jpeg,unknown
1169,image/1169.jpeg,unknown
1170,image/1170.jpeg,unknown
1171,image/1171.jpeg,bumper_dent
1172,image/1172.jpeg,glass_shatter
1173,image/1173.jpeg,door_dent
1174,image/1174.jpeg,tail_lamp
1175,image/1175.jpeg,unknown
1176,image/1176.jpeg,unknown
1177,image/1177.jpeg,head_lamp
1178,image/1178.jpeg,unknown
1179,image/1179.jpeg,head_lamp
1180,image/1180.jpeg,door_scratch
1181,image/1181.jpeg,unknown
1182,image/1182.jpeg,unknown
1183,image/1183.jpeg,unknown
1184,image/1184.jpeg,unknown
1185,image/1185.jpeg,bumper_scratch
1186,image/1186.jpeg,bumper_dent
1187,image/1187.jpeg,door_dent
1188,image/1188.jpeg,unknown
1189,image/1189.jpeg,bumper_dent
1190,image/1190.jpeg,unknown
1191,image/1191.jpeg,tail_lamp
1192,image/1192.jpeg,door_scratch
1193,image/1193.jpeg,unknown
1194,image/1194.jpeg,unknown
1195,image/1195.jpeg,tail_lamp
1196,image/1196.jpeg,tail_lamp
1197,image/1197.jpeg,unknown
1198,image/1198.jpeg,bumper_dent
1199,image/1199.jpeg,door_dent
1200,image/1200.jpeg,glass_shatter
1201,image/1201.jpeg,tail_lamp
1202,image/1202.jpeg,unknown
1203,image/1203.jpeg,door_dent
1204,image/1204.jpeg,unknown
1205,image/1205.jpeg,door_dent
1206,image/1206.jpeg,unknown
1207,image/1207.jpeg,unknown
1208,image/1208.jpeg,unknown
1209,image/1209.jpeg,bumper_dent
1210,image/1210.jpeg,unknown
1211,image/1211.jpeg,unknown
1212,image/1212.jpeg,unknown
1213,image/1213.jpeg,door_scratch
1214,image/1214.jpeg,glass_shatter
1215,image/1215.jpeg,unknown
1216,image/1216.jpeg,door_dent
1217,image/1217.jpeg,door_dent
1218,image/1218.jpeg,unknown
1219,image/1219.jpeg,door_dent
1220,image/1220.jpeg,door_dent
1221,image/1221.jpeg,head_lamp
1222,image/1222.jpeg,door_scratch
1223,image/1223.jpeg,tail_lamp
1224,image/1224.jpeg,glass_shatter
1225,image/1225.jpeg,door_dent
1226,image/1226.jpeg,glass_shatter
1227,image/1227.jpeg,door_scratch
1228,image/1228.jpeg,unknown
1229,image/1229.jpeg,bumper_scratch
1230,image/1230.jpeg,tail_lamp
1231,image/1231.jpeg,bumper_dent
1232,image/1232.jpeg,unknown
1233,image/1233.jpeg,unknown
1234,image/1234.jpeg,unknown
1235,image/1235.jpeg,bumper_scratch
1236,image/1236.jpeg,unknown
1237,image/1237.jpeg,unknown
1238,image/1238.jpeg,door_scratch
1239,image/1239.jpeg,unknown
1240,image/1240.jpeg,tail_lamp
1241,image/1241.jpeg,door_dent
1242,image/1242.jpeg,door_scratch
1243,image/1243.jpeg,glass_shatter
1244,image/1244.jpeg,door_scratch
1245,image/1245.jpeg,door_dent
1246,image/1246.jpeg,unknown
1247,image/1247.jpeg,unknown
1248,image/1248.jpeg,bumper_scratch
1249,image/1249.jpeg,head_lamp
1250,image/1250.jpeg,unknown
1251,image/1251.jpeg,tail_lamp
1252,image/1252.jpeg,unknown
1253,image/1253.jpeg,door_dent
1254,image/1254.jpeg,unknown
1255,image/1255.jpeg,unknown
1256,image/1256.jpeg,tail_lamp
1257,image/1257.jpeg,unknown
1258,image/1258.jpeg,head_lamp
1259,image/1259.jpeg,bumper_dent
1260,image/1260.jpeg,head_lamp
1261,image/1261.jpeg,head_lamp
1262,image/1262.jpeg,tail_lamp
1263,image/1263.jpeg,unknown
1264,image/1264.jpeg,unknown
1265,image/1265.jpeg,unknown
1266,image/1266.jpeg,tail_lamp
1267,image/1267.jpeg,head_lamp
1268,image/1268.jpeg,unknown
1269,image/1269.jpeg,tail_lamp
1270,image/1270.jpeg,unknown
1271,image/1271.jpeg,bumper_dent
1272,image/1272.jpeg,door_dent
1273,image/1273.jpeg,unknown
1274,image/1274.jpeg,head_lamp
1275,image/1275.jpeg,tail_lamp
1276,image/1276.jpeg,door_dent
1277,image/1277.jpeg,bumper_scratch
1278,image/1278.jpeg,unknown
1279,image/1279.jpeg,door_dent
1280,image/1280.jpeg,unknown
1281,image/1281.jpeg,door_scratch
1282,image/1282.jpeg,unknown
1283,image/1283.jpeg,tail_lamp
1284,image/1284.jpeg,door_dent
1285,image/1285.jpeg,unknown
1286,image/1286.jpeg,unknown
1287,image/1287.jpeg,door_scratch
1288,image/1288.jpeg,unknown
1289,image/1289.jpeg,glass_shatter
1290,image/1290.jpeg,head_lamp
1291,image/1291.jpeg,door_dent
1292,image/1292.jpeg,head_lamp
1293,image/1293.jpeg,unknown
1294,image/1294.jpeg,unknown
1295,image/1295.jpeg,unknown
1296,image/1296.jpeg,unknown
1297,image/1297.jpeg,tail_lamp
1298,image/1298.jpeg,door_scratch
1299,image/1299.jpeg,unknown
1300,image/1300.jpeg,glass_shatter
1301,image/1301.jpeg,bumper_dent
1302,image/1302.jpeg,unknown
1303,image/1303.jpeg,glass_shatter
1304,image/1304.jpeg,unknown
1305,image/1305.jpeg,door_scratch
1306,image/1306.jpeg,head_lamp
1307,image/1307.jpeg,tail_lamp
1308,image/1308.jpeg,bumper_scratch
1309,image/1309.jpeg,bumper_dent
1310,image/1310.jpeg,bumper_scratch
1311,image/1311.jpeg,unknown
1312,image/1312.jpeg,unknown
1313,image/1313.jpeg,glass_shatter
1314,image/1314.jpeg,bumper_dent
1315,image/1315.jpeg,door_dent
1316,image/1316.jpeg,head_lamp
1317,image/1317.jpeg,tail_lamp
1318,image/1318.jpeg,bumper_dent
1319,image/1319.jpeg,unknown
1320,image/1320.jpeg,bumper_dent
1321,image/1321.jpeg,unknown
1322,image/1322.jpeg,unknown
1323,image/1323.jpeg,door_scratch
1324,image/1324.jpeg,bumper_dent
1325,image/1325.jpeg,glass_shatter
1326,image/1326.jpeg,unknown
1327,image/1327.jpeg,door_dent
1328,image/1328.jpeg,unknown
1329,image/1329.jpeg,door_scratch
1330,image/1330.jpeg,unknown
1331,image/1331.jpeg,glass_shatter
1332,image/1332.jpeg,bumper_dent
1333,image/1333.jpeg,tail_lamp
1334,image/1334.jpeg,unknown
1335,image/1335.jpeg,door_scratch
1336,image/1336.jpeg,bumper_scratch
1337,image/1337.jpeg,unknown
1338,image/1338.jpeg,glass_shatter
1339,image/1339.jpeg,bumper_scratch
1340,image/1340.jpeg,bumper_dent
1341,image/1341.jpeg,door_scratch
1342,image/1342.jpeg,unknown
1343,image/1343.jpeg,door_dent
1344,image/1344.jpeg,unknown
1345,image/1345.jpeg,glass_shatter
1346,image/1346.jpeg,head_lamp
1347,image/1347.jpeg,door_dent
1348,image/1348.jpeg,head_lamp
1349,image/1349.jpeg,door_scratch
1350,image/1350.jpeg,door_dent
1351,image/1351.jpeg,glass_shatter
1352,image/1352.jpeg,door_dent
1353,image/1353.jpeg,door_dent
1354,image/1354.jpeg,unknown
1355,image/1355.jpeg,bumper_scratch
1356,image/1356.jpeg,bumper_dent
1357,image/1357.jpeg,unknown
1358,image/1358.jpeg,bumper_dent
1359,image/1359.jpeg,bumper_dent
1360,image/1360.jpeg,door_dent
1361,image/1361.jpeg,unknown
1362,image/1362.jpeg,glass_shatter
1363,image/1363.jpeg,unknown
1364,image/1364.jpeg,bumper_dent
1365,image/1365.jpeg,bumper_dent
1366,image/1366.jpeg,bumper_scratch
1367,image/1367.jpeg,door_scratch
1368,image/1368.jpeg,unknown
1369,image/1369.jpeg,unknown
1370,image/1370.jpeg,head_lamp
1371,image/1371.jpeg,unknown
1372,image/1372.jpeg,glass_shatter
1373,image/1373.jpeg,bumper_dent
1374,image/1374.jpeg,unknown
1375,image/1375.jpeg,unknown
1376,image/1376.jpeg,unknown
1377,image/1377.jpeg,head_lamp
1378,image/1378.jpeg,bumper_dent
1379,image/1379.jpeg,door_scratch
1380,image/1380.jpeg,tail_lamp
1381,image/1381.jpeg,door_dent
1382,image/1382.jpeg,unknown
1383,image/1383.jpeg,unknown
1384,image/1384.jpeg,glass_shatter
1385,image/1385.jpeg,door_scratch
1386,image/1386.jpeg,door_dent
1387,image/1387.jpeg,unknown
1388,image/1388.jpeg,unknown
1389,image/1389.jpeg,bumper_dent
1390,image/1390.jpeg,unknown
1391,image/1391.jpeg,glass_shatter
1392,image/1392.jpeg,bumper_scratch
1393,image/1393.jpeg,unknown
1394,image/1394.jpeg,door_dent
1395,image/1395.jpeg,door_scratch
1396,image/1396.jpeg,glass_shatter
1397,image/1397.jpeg,door_dent
1398,image/1398.jpeg,unknown
1399,image/1399.jpeg,bumper_scratch
1400,image/1400.jpeg,tail_lamp
1401,image/1401.jpeg,door_scratch
1402,image/1402.jpeg,door_dent
1403,image/1403.jpeg,unknown
1404,image/1404.jpeg,unknown
1405,image/1405.jpeg,glass_shatter
1406,image/1406.jpeg,tail_lamp
1407,image/1407.jpeg,unknown
1408,image/1408.jpeg,head_lamp
1409,image/1409.jpeg,unknown
1410,image/1410.jpeg,unknown
1411,image/1411.jpeg,door_dent
1412,image/1412.jpeg,unknown
1413,image/1413.jpeg,door_scratch
1414,image/1414.jpeg,bumper_dent
1415,image/1415.jpeg,bumper_dent
1416,image/1416.jpeg,bumper_dent
1417,image/1417.jpeg,unknown
1418,image/1418.jpeg,door_dent
1419,image/1419.jpeg,door_dent
1420,image/1420.jpeg,unknown
1421,image/1421.jpeg,unknown
1422,image/1422.jpeg,unknown
1423,image/1423.jpeg,unknown
1424,image/1424.jpeg,bumper_dent
1425,image/1425.jpeg,tail_lamp
1426,image/1426.jpeg,unknown
1427,image/1427.jpeg,tail_lamp
1428,image/1428.jpeg,unknown
1429,image/1429.jpeg,door_dent
1430,image/1430.jpeg,tail_lamp
1431,image/1431.jpeg,bumper_scratch
1432,image/1432.jpeg,door_scratch
1433,image/1433.jpeg,unknown
1434,image/1434.jpeg,door_dent
1435,image/1435.jpeg,unknown
1436,image/1436.jpeg,door_dent
1437,image/1437.jpeg,bumper_scratch
1438,image/1438.jpeg,door_scratch
1439,image/1439.jpeg,door_dent
1440,image/1440.jpeg,unknown
1441,image/1441.jpeg,unknown
1442,image/1442.jpeg,glass_shatter
1443,image/1443.jpeg,unknown
1444,image/1444.jpeg,head_lamp
1445,image/1445.jpeg,tail_lamp
1446,image/1446.jpeg,tail_lamp
1447,image/1447.jpeg,head_lamp
1448,image/1448.jpeg,glass_shatter
1449,image/1449.jpeg,door_scratch
1450,image/1450.jpeg,door_scratch
1451,image/1451.jpeg,glass_shatter
1452,image/1452.jpeg,head_lamp
1453,image/1453.jpeg,door_dent
1454,image/1454.jpeg,unknown
1455,image/1455.jpeg,unknown
1456,image/1456.jpeg,unknown
1457,image/1457.jpeg,door_scratch
1458,image/1458.jpeg,glass_shatter
1459,image/1459.jpeg,door_dent
1460,image/1460.jpeg,door_scratch
1461,image/1461.jpeg,unknown
1462,image/1462.jpeg,door_dent
1463,image/1463.jpeg,head_lamp
1464,image/1464.jpeg,unknown
1465,image/1465.jpeg,head_lamp
1466,image/1466.jpeg,head_lamp
1467,image/1467.jpeg,unknown
1468,image/1468.jpeg,head_lamp
1469,image/1469.jpeg,head_lamp
1470,image/1470.jpeg,unknown
1471,image/1471.jpeg,unknown
1472,image/1472.jpeg,head_lamp
1473,image/1473.jpeg,glass_shatter
1474,image/1474.jpeg,unknown
1475,image/1475.jpeg,bumper_dent
1476,image/1476.jpeg,tail_lamp
1477,image/1477.jpeg,unknown
1478,image/1478.jpeg,bumper_dent
1479,image/1479.jpeg,unknown
1480,image/1480.jpeg,unknown
1481,image/1481.jpeg,door_scratch
1482,image/1482.jpeg,tail_lamp
1483,image/1483.jpeg,unknown
1484,image/1484.jpeg,door_dent
1485,image/1485.jpeg,door_dent
1486,image/1486.jpeg,unknown
1487,image/1487.jpeg,unknown
1488,image/1488.jpeg,unknown
1489,image/1489.jpeg,unknown
1490,image/1490.jpeg,glass_shatter
1491,image/1491.jpeg,unknown
1492,image/1492.jpeg,unknown
1493,image/1493.jpeg,head_lamp
1494,image/1494.jpeg,unknown
1495,image/1495.jpeg,door_scratch
1496,image/1496.jpeg,unknown
1497,image/1497.jpeg,bumper_scratch
1498,image/1498.jpeg,head_lamp
1499,image/1499.jpeg,door_scratch
1500,image/1500.jpeg,bumper_scratch
1501,image/1501.jpeg,door_dent
1502,image/1502.jpeg,tail_lamp
1503,image/1503.jpeg,tail_lamp
1504,image/1504.jpeg,tail_lamp
1505,image/1505.jpeg,unknown
1506,image/1506.jpeg,door_scratch
1507,image/1507.jpeg,unknown
1508,image/1508.jpeg,glass_shatter
1509,image/1509.jpeg,unknown
1510,image/1510.jpeg,unknown
1511,image/1511.jpeg,glass_shatter
1512,image/27.jpeg,bumper_scratch
1513,image/56.jpeg,bumper_scratch
1514,image/90.jpeg,bumper_scratch
1515,image/102.jpeg,bumper_scratch
1516,image/137.jpeg,bumper_scratch
1517,image/140.jpeg,bumper_scratch
1518,image/172.jpeg,bumper_scratch
1519,image/175.jpeg,bumper_scratch
1520,image/207.jpeg,bumper_scratch
1521,image/223.jpeg,bumper_scratch
1522,image/232.jpeg,bumper_scratch
1523,image/244.jpeg,bumper_scratch
1524,image/260.jpeg,bumper_scratch
1525,image/263.jpeg,bumper_scratch
1526,image/267.jpeg,bumper_scratch
1527,image/292.jpeg,bumper_scratch
1528,image/295.jpeg,bumper_scratch
1529,image/296.jpeg,bumper_scratch
1530,image/306.jpeg,bumper_scratch
1531,image/327.jpeg,bumper_scratch
1532,image/340.jpeg,bumper_scratch
1533,image/393.jpeg,bumper_scratch
1534,image/410.jpeg,bumper_scratch
1535,image/414.jpeg,bumper_scratch
1536,image/436.jpeg,bumper_scratch
1537,image/439.jpeg,bumper_scratch
1538,image/476.jpeg,bumper_scratch
1539,image/499.jpeg,bumper_scratch
1540,image/508.jpeg,bumper_scratch
1541,image/535.jpeg,bumper_scratch
1542,image/573.jpeg,bumper_scratch
1543,image/575.jpeg,bumper_scratch
1544,image/589.jpeg,bumper_scratch
1545,image/607.jpeg,bumper_scratch
1546,image/618.jpeg,bumper_scratch
1547,image/627.jpeg,bumper_scratch
1548,image/631.jpeg,bumper_scratch
1549,image/648.jpeg,bumper_scratch
1550,image/714.jpeg,bumper_scratch
1551,image/728.jpeg,bumper_scratch
1552,image/736.jpeg,bumper_scratch
1553,image/748.jpeg,bumper_scratch
1554,image/758.jpeg,bumper_scratch
1555,image/764.jpeg,bumper_scratch
1556,image/776.jpeg,bumper_scratch
1557,image/781.jpeg,bumper_scratch
1558,image/784.jpeg,bumper_scratch
1559,image/785.jpeg,bumper_scratch
1560,image/813.jpeg,bumper_scratch
1561,image/816.jpeg,bumper_scratch
1562,image/818.jpeg,bumper_scratch
1563,image/866.jpeg,bumper_scratch
1564,image/875.jpeg,bumper_scratch
1565,image/907.jpeg,bumper_scratch
1566,image/920.jpeg,bumper_scratch
1567,image/934.jpeg,bumper_scratch
1568,image/958.jpeg,bumper_scratch
1569,image/959.jpeg,bumper_scratch
1570,image/960.jpeg,bumper_scratch
1571,image/969.jpeg,bumper_scratch
1572,image/1008.jpeg,bumper_scratch
1573,image/1025.jpeg,bumper_scratch
1574,image/1065.jpeg,bumper_scratch
1575,image/1134.jpeg,bumper_scratch
1576,image/1152.jpeg,bumper_scratch
1577,image/1185.jpeg,bumper_scratch
1578,image/1229.jpeg,bumper_scratch
1579,image/1235.jpeg,bumper_scratch
1580,image/1248.jpeg,bumper_scratch
1581,image/1277.jpeg,bumper_scratch
1582,image/1308.jpeg,bumper_scratch
1583,image/1310.jpeg,bumper_scratch
1584,image/1336.jpeg,bumper_scratch
1585,image/1339.jpeg,bumper_scratch
1586,image/1355.jpeg,bumper_scratch
1587,image/1366.jpeg,bumper_scratch
1588,image/1392.jpeg,bumper_scratch
1589,image/1399.jpeg,bumper_scratch
1590,image/1431.jpeg,bumper_scratch
1591,image/1437.jpeg,bumper_scratch
1592,image/1497.jpeg,bumper_scratch
1593,image/1500.jpeg,bumper_scratch
